2023-11-03 08:53:27.949774,9180,-4314,2842,-12549,1599,-882,3714,-9,-238,45
2023-11-03 08:53:27.963774,9187,-4411,2913,-12494,-32,-1710,-72,108,-284,5
2023-11-03 08:53:27.978272,9208,-4460,3011,-12438,-527,-1452,111,-13,-247,39
2023-11-03 08:53:28.004268,9223,-4427,2846,-12477,1478,-884,4031,-34,-166,88
2023-11-03 08:53:28.015767,9241,-4436,2818,-12467,680,-1441,2101,84,-110,98
2023-11-03 08:53:28.038265,9260,-4472,2988,-12400,-831,-1517,-733,-4,-7,78
2023-11-03 08:53:28.053264,9264,-4421,2905,-12436,962,-809,3331,-158,42,46
2023-11-03 08:53:28.077262,9255,-4395,2817,-12471,1266,-1160,3194,-15,78,9
2023-11-03 08:53:28.098258,9250,-4440,2997,-12417,-761,-1569,-1238,77,112,-40
2023-11-03 08:53:28.113257,9247,-4405,2998,-12432,309,-893,1852,-90,105,-21
2023-11-03 08:53:28.135755,9230,-4366,2854,-12492,1639,-947,3888,-42,94,-26
2023-11-03 08:53:28.158252,9226,-4411,2977,-12450,-299,-1647,-436,124,61,-21
2023-11-03 08:53:28.173250,9238,-4390,3062,-12428,-455,-1198,398,85,74,-2
2023-11-03 08:53:28.195749,9242,-4312,2887,-12493,1504,-763,4239,54,68,24
2023-11-03 08:53:28.218246,9244,-4310,2887,-12493,503,-1464,1724,119,32,3
2023-11-03 08:53:28.233246,9256,-4315,3024,-12450,-808,-1450,-622,184,55,-17
2023-11-03 08:53:28.255743,9263,-4233,2892,-12504,1009,-744,3505,123,78,-17
2023-11-03 08:53:28.277741,9258,-4192,2777,-12548,1189,-1128,3030,234,78,-47
2023-11-03 08:53:28.300738,9254,-4227,2938,-12502,-842,-1544,-1315,211,68,-86
2023-11-03 08:53:28.317237,9247,-4187,2910,-12527,341,-885,2118,0,56,-99
2023-11-03 08:53:28.338234,9225,-4158,2756,-12588,1601,-918,3719,61,67,-93
2023-11-03 08:53:28.362232,9210,-4215,2892,-12549,-396,-1646,-770,125,48,-95
2023-11-03 08:53:28.377230,9212,-4193,2953,-12541,-322,-1071,700,50,59,-64
2023-11-03 08:53:28.398227,9197,-4132,2773,-12613,1593,-658,4296,0,64,-70
2023-11-03 08:53:28.429725,9182,-4160,2809,-12607,292,-1427,1013,60,19,-93
2023-11-03 08:53:28.437225,9176,-4172,2948,-12575,-777,-1357,-303,7,35,-112
2023-11-03 08:53:28.458222,9166,-4101,2800,-12640,1197,-666,4016,-14,52,-91
2023-11-03 08:53:28.480719,9149,-4096,2721,-12671,1030,-1129,2611,97,13,-101
2023-11-03 08:53:28.497218,9144,-4144,2897,-12620,-888,-1536,-1158,41,11,-80
2023-11-03 08:53:28.518217,9138,-4101,2853,-12648,472,-794,2589,-85,34,-71
2023-11-03 08:53:28.540713,9115,-4086,2712,-12701,1546,-889,3652,-10,19,-87
2023-11-03 08:53:28.557214,9098,-4154,2861,-12658,-452,-1625,-861,40,19,-102
2023-11-03 08:53:28.581712,9093,-4144,2930,-12650,-271,-1039,756,-55,52,-81
2023-11-03 08:53:28.600711,9073,-4092,2761,-12718,1619,-667,4333,-77,68,-66
2023-11-03 08:53:28.619706,9052,-4097,2676,-12749,1195,-887,2469,29,39,-64
2023-11-03 08:53:28.638203,9036,-4090,2695,-12760,346,-1074,1643,-69,87,-93
2023-11-03 08:53:28.660703,9022,-4088,2701,-12769,373,-1078,1611,-19,41,-90
2023-11-03 08:53:28.679700,9009,-4087,2712,-12776,389,-1079,1567,-26,55,-72
2023-11-03 08:53:28.698197,9000,-4083,2723,-12782,376,-1082,1582,-18,60,-53
2023-11-03 08:53:28.720695,8991,-4080,2734,-12786,389,-1141,1613,-7,56,-49
2023-11-03 08:53:28.744694,8984,-4073,2733,-12794,392,-1057,1597,31,37,-56
2023-11-03 08:53:28.758193,8975,-4073,2739,-12799,387,-1077,1589,-15,33,-53
2023-11-03 08:53:28.780689,8965,-4072,2747,-12804,383,-1073,1584,-25,40,-57
2023-11-03 08:53:28.799687,8952,-4077,2760,-12809,382,-1093,1601,-62,27,-65
2023-11-03 08:53:28.825686,8941,-4080,2766,-12814,379,-1049,1610,-49,10,-69
2023-11-03 08:53:28.840684,8929,-4091,2778,-12817,370,-1094,1601,-80,-10,-66
2023-11-03 08:53:28.860183,8920,-4098,2787,-12818,386,-1117,1612,-48,-4,-53
2023-11-03 08:53:28.878179,8916,-4103,2796,-12818,382,-1106,1586,-40,0,-20
2023-11-03 08:53:28.913176,8916,-4104,2797,-12817,401,-1086,1577,-7,3,-2
2023-11-03 08:53:28.919675,8917,-4109,2796,-12815,418,-1066,1570,-1,-23,10
2023-11-03 08:53:28.938173,8917,-4110,2796,-12815,405,-1088,1581,4,7,2
2023-11-03 08:53:28.960671,8919,-4104,2802,-12814,351,-1102,1584,17,17,4
2023-11-03 08:53:28.980169,8921,-4101,2806,-12813,358,-1086,1553,21,7,1
2023-11-03 08:53:28.998169,8921,-4102,2806,-12813,389,-1076,1547,4,0,10
2023-11-03 08:53:29.020665,8920,-4102,2807,-12812,405,-1095,1566,1,13,-1
2023-11-03 08:53:29.040164,8917,-4106,2816,-12812,406,-1103,1552,-24,20,-7
2023-11-03 08:53:29.058162,8914,-4109,2824,-12811,412,-1097,1560,-27,21,-4
2023-11-03 08:53:29.080659,8909,-4114,2833,-12811,407,-1075,1576,-47,18,-11
2023-11-03 08:53:29.110157,8903,-4120,2849,-12809,400,-1117,1577,-72,24,-14
2023-11-03 08:53:29.118155,8899,-4121,2859,-12810,388,-1086,1587,-43,27,-11
2023-11-03 08:53:29.140653,8895,-4122,2871,-12809,391,-1115,1583,-41,33,-7
2023-11-03 08:53:29.159651,8891,-4124,2886,-12808,383,-1112,1570,-57,35,-4
2023-11-03 08:53:29.185648,8888,-4121,2900,-12808,379,-1110,1589,-46,51,1
2023-11-03 08:53:29.200647,8885,-4116,2912,-12809,372,-1089,1587,-34,53,-1
2023-11-03 08:53:29.220145,8883,-4111,2925,-12809,351,-1118,1578,-28,50,-3
2023-11-03 08:53:29.240143,8884,-4105,2938,-12808,348,-1114,1562,-14,47,14
2023-11-03 08:53:29.260641,8885,-4097,2945,-12808,372,-1093,1575,1,52,22
2023-11-03 08:53:29.279640,8886,-4092,2956,-12806,369,-1099,1584,-25,50,22
2023-11-03 08:53:29.317137,8881,-4089,2966,-12808,375,-1084,1583,-40,46,-13
2023-11-03 08:53:29.320634,8873,-4091,2985,-12808,372,-1115,1571,-86,56,-13
2023-11-03 08:53:29.339632,8867,-4091,3000,-12809,371,-1129,1582,-54,52,-14
2023-11-03 08:53:29.360631,8863,-4090,3014,-12809,383,-1114,1585,-56,51,1
2023-11-03 08:53:29.380630,8858,-4090,3027,-12810,390,-1094,1575,-63,57,-1
2023-11-03 08:53:29.400627,8853,-4088,3045,-12809,375,-1143,1573,-59,67,2
2023-11-03 08:53:29.420124,8850,-4085,3058,-12809,355,-1136,1569,-33,56,0
2023-11-03 08:53:29.440622,8848,-4081,3071,-12809,341,-1125,1595,-40,44,1
2023-11-03 08:53:29.474619,8844,-4080,3086,-12809,343,-1149,1597,-55,40,-4
2023-11-03 08:53:29.479619,8840,-4076,3099,-12809,347,-1134,1585,-44,52,-4
2023-11-03 08:53:29.517614,8835,-4071,3108,-12812,368,-1104,1581,-29,61,-12
2023-11-03 08:53:29.520115,8830,-4067,3117,-12814,370,-1118,1584,-33,57,-7
2023-11-03 08:53:29.539612,8829,-4063,3129,-12813,342,-1132,1588,-38,45,10
2023-11-03 08:53:29.560610,8831,-4059,3136,-12812,324,-1119,1570,-12,23,15
2023-11-03 08:53:29.579608,8834,-4053,3142,-12810,306,-1136,1569,4,19,16
2023-11-03 08:53:29.601606,8838,-4045,3148,-12808,289,-1141,1579,18,15,19
2023-11-03 08:53:29.624104,8842,-4041,3148,-12807,324,-1131,1554,30,3,18
2023-11-03 08:53:29.639103,8846,-4038,3151,-12804,334,-1129,1568,9,11,27
2023-11-03 08:53:29.661600,8850,-4037,3155,-12801,344,-1120,1553,-2,11,28
2023-11-03 08:53:29.680598,8849,-4036,3163,-12800,359,-1111,1579,-37,32,18
2023-11-03 08:53:29.699096,8849,-4038,3169,-12798,369,-1114,1576,-38,15,17
2023-11-03 08:53:29.725595,8849,-4037,3172,-12798,349,-1124,1583,-8,17,9
2023-11-03 08:53:29.740593,8849,-4037,3172,-12798,346,-1109,1592,0,-4,1
2023-11-03 08:53:29.759091,8849,-4037,3168,-12799,338,-1093,1639,-16,-22,-11
2023-11-03 08:53:29.781087,8843,-4048,3171,-12798,343,-1137,1595,-48,-38,-33
2023-11-03 08:53:29.800585,8840,-4061,3172,-12796,349,-1157,1579,-35,-52,-25
2023-11-03 08:53:29.819583,8841,-4068,3167,-12794,362,-1130,1578,6,-46,-2
2023-11-03 08:53:29.841582,8841,-4068,3166,-12794,367,-1121,1567,-9,-13,-5
2023-11-03 08:53:29.860580,8839,-4068,3164,-12797,371,-1138,1569,18,7,-16
2023-11-03 08:53:29.879578,8837,-4063,3160,-12801,351,-1128,1581,36,17,-23
2023-11-03 08:53:29.901580,8837,-4058,3161,-12802,305,-1146,1554,31,7,-14
2023-11-03 08:53:29.920573,8839,-4056,3163,-12801,321,-1146,1547,21,3,4
2023-11-03 08:53:29.940077,8839,-4048,3166,-12802,342,-1128,1551,27,42,6
2023-11-03 08:53:29.963071,8839,-4036,3167,-12805,340,-1107,1581,30,57,4
2023-11-03 08:53:29.980568,8835,-4032,3178,-12807,328,-1087,1563,-48,53,-10
2023-11-03 08:53:29.999566,8821,-4037,3185,-12814,364,-1051,1569,-84,31,-64
2023-11-03 08:53:30.022064,8811,-4051,3201,-12812,357,-1178,1580,-108,-1,-34
2023-11-03 08:53:30.040562,8808,-4055,3205,-12812,355,-1138,1573,-24,3,-7
2023-11-03 08:53:30.059559,8808,-4055,3204,-12812,358,-1122,1583,-1,7,6
2023-11-03 08:53:30.082557,8808,-4055,3205,-12812,341,-1131,1567,12,10,2
2023-11-03 08:53:30.102055,8810,-4052,3211,-12810,330,-1192,1572,10,19,12
2023-11-03 08:53:30.124553,8817,-4045,3201,-12810,339,-1112,1570,71,-8,23
2023-11-03 08:53:30.141552,8820,-4037,3193,-12813,324,-1069,1589,41,-1,1
2023-11-03 08:53:30.162050,8820,-4037,3193,-12812,333,-1139,1576,-11,9,-14
2023-11-03 08:53:30.178548,8817,-4037,3196,-12813,353,-1138,1557,-3,17,-9
2023-11-03 08:53:30.201045,8816,-4034,3194,-12816,364,-1099,1582,7,19,-6
2023-11-03 08:53:30.222543,8810,-4033,3191,-12821,352,-1075,1613,-20,10,-36
2023-11-03 08:53:30.247541,8801,-4036,3196,-12825,343,-1111,1587,-45,17,-49
2023-11-03 08:53:30.264040,8799,-4035,3197,-12827,336,-1131,1583,1,7,-18
2023-11-03 08:53:30.282038,8799,-4035,3197,-12826,338,-1141,1571,11,-10,3
2023-11-03 08:53:30.299036,8802,-4037,3196,-12824,336,-1123,1563,9,-21,11
2023-11-03 08:53:30.321035,8805,-4038,3194,-12822,342,-1117,1578,2,-19,15
2023-11-03 08:53:30.342031,8807,-4037,3191,-12821,352,-1120,1562,23,-5,14
2023-11-03 08:53:30.370528,8811,-4035,3191,-12820,328,-1126,1551,19,-5,14
2023-11-03 08:53:30.381027,8813,-4033,3188,-12820,346,-1099,1572,18,1,9
2023-11-03 08:53:30.402025,8813,-4033,3188,-12820,342,-1115,1570,13,7,2
2023-11-03 08:53:30.423022,8810,-4032,3191,-12821,344,-1091,1614,-39,12,-10
2023-11-03 08:53:30.441022,8807,-4035,3197,-12821,336,-1120,1565,-39,4,-8
2023-11-03 08:53:30.462019,8807,-4034,3200,-12821,352,-1150,1604,-5,16,4
2023-11-03 08:53:30.483016,8813,-4024,3195,-12821,321,-1123,1570,68,11,23
2023-11-03 08:53:30.501015,8819,-4018,3187,-12821,339,-1096,1604,41,-5,24
2023-11-03 08:53:30.523513,8825,-4009,3176,-12822,341,-1105,1594,74,-2,14
2023-11-03 08:53:30.543011,8831,-4000,3165,-12823,333,-1114,1566,95,-3,19
2023-11-03 08:53:30.561510,8835,-3993,3158,-12825,338,-1093,1571,54,7,8
2023-11-03 08:53:30.589507,8831,-3990,3172,-12825,352,-1138,1566,-43,70,9
2023-11-03 08:53:30.610503,8826,-3986,3198,-12823,344,-1131,1554,-95,105,22
2023-11-03 08:53:30.621006,8824,-3980,3206,-12824,363,-1072,1591,-37,65,19
2023-11-03 08:53:30.656999,8824,-3979,3204,-12825,332,-1059,1621,8,-4,7
2023-11-03 08:53:30.663500,8827,-3981,3201,-12823,294,-1088,1605,-9,-43,-1
2023-11-03 08:53:30.695996,8826,-3983,3199,-12823,305,-1096,1601,-16,-31,-16
2023-11-03 08:53:30.703495,8824,-3991,3197,-12823,338,-1126,1576,-10,-40,-22
2023-11-03 08:53:30.722993,8823,-4000,3198,-12820,334,-1142,1573,-25,-36,-6
2023-11-03 08:53:30.740991,8823,-4004,3197,-12820,347,-1096,1568,-11,-18,0
2023-11-03 08:53:30.764488,8822,-4008,3201,-12818,350,-1103,1575,-38,-1,2
2023-11-03 08:53:30.782986,8820,-4009,3206,-12818,340,-1121,1587,-33,13,2
2023-11-03 08:53:30.800986,8816,-4009,3211,-12819,347,-1095,1588,-42,24,-8
2023-11-03 08:53:30.823983,8812,-4013,3220,-12818,335,-1111,1578,-63,11,-10
2023-11-03 08:53:30.842983,8811,-4013,3224,-12819,329,-1112,1584,-26,10,-3
2023-11-03 08:53:30.860980,8810,-4014,3227,-12818,335,-1111,1589,-27,1,-2
2023-11-03 08:53:30.882976,8808,-4016,3228,-12818,344,-1115,1606,-25,-2,-2
2023-11-03 08:53:30.902973,8807,-4018,3227,-12819,349,-1094,1587,-22,-6,-9
2023-11-03 08:53:30.921473,8802,-4027,3234,-12817,350,-1142,1575,-58,-9,-11
2023-11-03 08:53:30.944471,8797,-4035,3239,-12817,350,-1093,1569,-69,-10,-16
2023-11-03 08:53:30.973970,8792,-4046,3250,-12814,356,-1126,1555,-90,-9,-8
2023-11-03 08:53:30.980467,8792,-4050,3254,-12812,332,-1141,1579,-30,-12,2
2023-11-03 08:53:31.002964,8792,-4050,3254,-12812,335,-1123,1575,-16,-14,8
2023-11-03 08:53:31.023461,8792,-4050,3253,-12813,353,-1106,1583,-10,-10,-9
2023-11-03 08:53:31.040460,8792,-4050,3253,-12812,340,-1150,1576,-15,-5,3
2023-11-03 08:53:31.062958,8793,-4050,3255,-12811,338,-1123,1571,-17,-1,9
2023-11-03 08:53:31.084456,8794,-4054,3259,-12808,342,-1137,1577,-31,-8,14
2023-11-03 08:53:31.100454,8796,-4056,3264,-12805,335,-1142,1564,-21,-5,26
2023-11-03 08:53:31.122952,8801,-4056,3262,-12802,341,-1104,1559,1,-13,26
2023-11-03 08:53:31.150949,8802,-4058,3266,-12800,337,-1115,1562,-35,-3,19
2023-11-03 08:53:31.159950,8802,-4058,3267,-12799,341,-1185,1587,5,3,11
2023-11-03 08:53:31.182946,8809,-4054,3262,-12797,313,-1124,1553,40,-19,28
2023-11-03 08:53:31.203943,8815,-4053,3256,-12795,330,-1120,1565,34,-23,23
2023-11-03 08:53:31.219942,8816,-4058,3260,-12792,341,-1141,1584,-40,-21,12
2023-11-03 08:53:31.243440,8818,-4060,3259,-12790,337,-1123,1613,-19,-23,15
2023-11-03 08:53:31.263438,8818,-4064,3254,-12790,358,-1051,1553,-22,-22,-2
2023-11-03 08:53:31.279937,8816,-4068,3252,-12791,345,-1143,1581,-7,-23,-17
2023-11-03 08:53:31.302934,8816,-4068,3251,-12791,341,-1131,1592,-11,-14,0
2023-11-03 08:53:31.323431,8815,-4072,3250,-12790,346,-1095,1543,-21,-19,-4
2023-11-03 08:53:31.339930,8815,-4073,3250,-12790,356,-1145,1562,-7,-2,-3
2023-11-03 08:53:31.371427,8815,-4073,3250,-12790,352,-1140,1573,2,2,-7
2023-11-03 08:53:31.391925,8813,-4075,3251,-12791,351,-1110,1558,-20,-2,-10
2023-11-03 08:53:31.400924,8813,-4075,3250,-12791,351,-1118,1586,-13,12,-4
2023-11-03 08:53:31.422922,8810,-4076,3257,-12791,341,-1139,1565,-35,20,-5
2023-11-03 08:53:31.443420,8810,-4076,3257,-12791,355,-1139,1595,-9,10,-12
2023-11-03 08:53:31.459918,8807,-4076,3256,-12793,347,-1130,1612,-18,0,-16
2023-11-03 08:53:31.482915,8804,-4078,3256,-12794,335,-1122,1569,-15,-11,-23
2023-11-03 08:53:31.504914,8801,-4081,3255,-12796,340,-1122,1566,-14,-11,-25
2023-11-03 08:53:31.519912,8798,-4084,3252,-12797,351,-1128,1572,-3,-17,-18
2023-11-03 08:53:31.542909,8799,-4084,3248,-12798,338,-1141,1570,23,-15,-8
2023-11-03 08:53:31.565908,8799,-4084,3248,-12798,350,-1138,1589,5,-11,-6
2023-11-03 08:53:31.579906,8799,-4084,3247,-12798,364,-1106,1558,-7,-7,-11
2023-11-03 08:53:31.602904,8799,-4084,3247,-12798,352,-1130,1555,-4,-10,-10
2023-11-03 08:53:31.624901,8799,-4084,3247,-12798,346,-1113,1565,5,-5,-9
2023-11-03 08:53:31.639399,8799,-4082,3242,-12800,345,-1126,1570,23,-7,-11
2023-11-03 08:53:31.662398,8799,-4082,3242,-12800,351,-1133,1569,-13,11,-9
2023-11-03 08:53:31.685395,8799,-4082,3242,-12800,340,-1118,1549,-10,14,-12
2023-11-03 08:53:31.699394,8795,-4082,3247,-12801,355,-1125,1573,-34,22,-9
2023-11-03 08:53:31.722891,8793,-4081,3248,-12803,357,-1124,1564,-7,18,-8
2023-11-03 08:53:31.744890,8793,-4081,3248,-12803,339,-1142,1597,0,3,-16
2023-11-03 08:53:31.759888,8789,-4083,3245,-12806,355,-1098,1565,-12,-5,-29
2023-11-03 08:53:31.782885,8785,-4083,3245,-12809,346,-1137,1580,-5,2,-27
2023-11-03 08:53:31.804882,8781,-4085,3246,-12811,358,-1121,1582,-26,7,-19
2023-11-03 08:53:31.819382,8781,-4085,3246,-12811,350,-1105,1556,2,1,-16
2023-11-03 08:53:31.842879,8781,-4085,3246,-12811,350,-1140,1565,-14,4,-15
2023-11-03 08:53:31.871875,8781,-4085,3246,-12811,354,-1133,1572,-8,11,-16
2023-11-03 08:53:31.879376,8776,-4087,3248,-12813,374,-1111,1577,-36,18,-18
2023-11-03 08:53:31.902373,8772,-4089,3251,-12814,364,-1130,1571,-25,13,-15
2023-11-03 08:53:31.924872,8772,-4088,3251,-12814,343,-1124,1566,6,5,-14
2023-11-03 08:53:31.939369,8772,-4088,3250,-12815,355,-1115,1578,2,4,-16
2023-11-03 08:53:31.962867,8772,-4088,3250,-12815,350,-1112,1579,14,-6,-15
2023-11-03 08:53:31.984866,8769,-4091,3251,-12815,353,-1130,1581,-28,-4,-14
2023-11-03 08:53:32.005862,8769,-4091,3251,-12816,356,-1114,1571,5,-2,-8
2023-11-03 08:53:32.022362,8769,-4091,3250,-12816,366,-1108,1560,-10,1,-15
2023-11-03 08:53:32.044859,8767,-4092,3255,-12816,356,-1129,1561,-30,13,-3
2023-11-03 08:53:32.065856,8767,-4092,3254,-12816,357,-1106,1577,-5,9,-10
2023-11-03 08:53:32.082858,8764,-4092,3258,-12817,354,-1117,1566,-28,16,-8
2023-11-03 08:53:32.104855,8761,-4095,3260,-12818,350,-1148,1576,-23,0,-17
2023-11-03 08:53:32.125852,8756,-4098,3264,-12819,361,-1130,1565,-37,9,-17
2023-11-03 08:53:32.142849,8756,-4098,3264,-12819,359,-1121,1574,-10,2,-15
2023-11-03 08:53:32.164847,8756,-4098,3263,-12819,362,-1125,1572,-13,4,-11
2023-11-03 08:53:32.185844,8756,-4097,3263,-12819,351,-1117,1580,-4,0,-15
2023-11-03 08:53:32.208342,8753,-4099,3261,-12821,357,-1119,1568,-10,-4,-18
2023-11-03 08:53:32.224840,8753,-4099,3261,-12821,358,-1129,1564,-4,-5,-15
2023-11-03 08:53:32.245839,8753,-4099,3261,-12821,369,-1147,1574,-3,6,-3
2023-11-03 08:53:32.263337,8753,-4099,3260,-12822,361,-1100,1566,1,-3,1
2023-11-03 08:53:32.293333,8752,-4100,3262,-12822,361,-1119,1563,-22,11,1
2023-11-03 08:53:32.305831,8752,-4099,3262,-12822,353,-1126,1566,0,10,-5
2023-11-03 08:53:32.322830,8752,-4099,3262,-12822,353,-1121,1573,6,14,1
2023-11-03 08:53:32.344827,8755,-4096,3258,-12822,359,-1140,1576,28,4,12
2023-11-03 08:53:32.365825,8755,-4095,3258,-12822,339,-1120,1579,10,10,15
2023-11-03 08:53:32.382825,8754,-4096,3259,-12822,352,-1098,1568,-28,0,3
2023-11-03 08:53:32.404823,8752,-4100,3264,-12821,371,-1136,1557,-37,8,1
2023-11-03 08:53:32.427820,8751,-4102,3266,-12821,371,-1134,1560,-18,5,3
2023-11-03 08:53:32.442818,8751,-4102,3265,-12821,352,-1118,1559,-8,6,2
2023-11-03 08:53:32.464816,8751,-4100,3268,-12821,343,-1113,1559,-20,13,6
2023-11-03 08:53:32.487813,8750,-4098,3273,-12821,354,-1128,1558,-17,23,8
2023-11-03 08:53:32.502313,8751,-4094,3272,-12822,345,-1097,1583,-9,16,6
2023-11-03 08:53:32.524810,8748,-4095,3277,-12822,358,-1129,1566,-32,18,-3
2023-11-03 08:53:32.547808,8747,-4091,3280,-12823,352,-1144,1590,-12,26,2
2023-11-03 08:53:32.561806,8746,-4087,3281,-12825,350,-1115,1585,-7,21,-2
2023-11-03 08:53:32.584804,8745,-4083,3281,-12827,359,-1112,1586,-6,29,-3
2023-11-03 08:53:32.607801,8742,-4079,3282,-12830,351,-1121,1592,-12,23,-10
2023-11-03 08:53:32.621801,8742,-4079,3282,-12830,353,-1132,1581,-11,15,-5
2023-11-03 08:53:32.644798,8742,-4079,3281,-12830,358,-1128,1577,-8,9,0
2023-11-03 08:53:32.667795,8742,-4079,3281,-12830,340,-1140,1578,-15,7,-2
2023-11-03 08:53:32.681794,8741,-4080,3285,-12829,340,-1136,1558,-25,5,2
2023-11-03 08:53:32.704792,8741,-4080,3285,-12829,351,-1105,1557,-7,13,3
2023-11-03 08:53:32.728289,8739,-4080,3286,-12831,359,-1109,1568,-21,13,-4
2023-11-03 08:53:32.741788,8738,-4079,3289,-12831,352,-1123,1566,-22,19,1
2023-11-03 08:53:32.764789,8737,-4078,3293,-12831,353,-1120,1578,-30,16,9
2023-11-03 08:53:32.787783,8737,-4079,3296,-12830,363,-1119,1585,-34,11,14
2023-11-03 08:53:32.801782,8739,-4076,3299,-12828,327,-1133,1579,-12,8,17
2023-11-03 08:53:32.824779,8740,-4076,3299,-12828,328,-1125,1572,-5,1,14
2023-11-03 08:53:32.847778,8740,-4075,3300,-12828,342,-1119,1589,-26,2,8
2023-11-03 08:53:32.861776,8741,-4077,3304,-12826,334,-1143,1582,-29,-5,8
2023-11-03 08:53:32.884773,8741,-4080,3304,-12825,353,-1120,1570,-22,-15,6
2023-11-03 08:53:32.907771,8740,-4083,3306,-12823,348,-1144,1556,-22,-3,4
2023-11-03 08:53:32.928269,8740,-4083,3307,-12823,345,-1150,1558,-10,2,10
2023-11-03 08:53:32.944768,8740,-4083,3310,-12823,349,-1114,1552,-28,13,11
2023-11-03 08:53:32.967764,8740,-4083,3310,-12823,339,-1119,1561,-12,12,8
2023-11-03 08:53:32.988262,8740,-4081,3316,-12822,339,-1149,1549,-18,23,10
2023-11-03 08:53:33.004763,8741,-4076,3321,-12822,338,-1140,1570,-11,33,15
2023-11-03 08:53:33.027759,8742,-4070,3323,-12822,348,-1130,1584,-5,36,18
2023-11-03 08:53:33.055755,8742,-4066,3325,-12823,339,-1120,1575,-8,25,8
2023-11-03 08:53:33.064756,8742,-4063,3325,-12824,348,-1126,1578,-5,19,9
2023-11-03 08:53:33.088252,8742,-4062,3325,-12824,326,-1112,1587,12,7,2
2023-11-03 08:53:33.108254,8742,-4061,3324,-12824,332,-1138,1587,-13,7,-2
2023-11-03 08:53:33.124748,8740,-4063,3326,-12825,339,-1143,1569,-21,0,-9
2023-11-03 08:53:33.147746,8740,-4063,3326,-12825,343,-1118,1567,-2,6,-15
2023-11-03 08:53:33.168244,8741,-4063,3326,-12825,324,-1134,1563,2,-3,-12
2023-11-03 08:53:33.184743,8741,-4062,3326,-12825,319,-1133,1559,-12,0,-12
2023-11-03 08:53:33.207740,8738,-4064,3319,-12828,339,-1091,1605,-14,-25,-28
2023-11-03 08:53:33.228238,8730,-4079,3316,-12830,358,-1114,1550,-48,-56,-57
2023-11-03 08:53:33.250736,8723,-4090,3319,-12830,354,-1181,1546,-38,-23,-36
2023-11-03 08:53:33.275234,8721,-4093,3317,-12831,348,-1141,1552,-3,-13,-18
2023-11-03 08:53:33.288232,8719,-4090,3322,-12831,317,-1137,1575,-22,11,-7
2023-11-03 08:53:33.310730,8720,-4090,3322,-12832,320,-1154,1608,8,0,-11
2023-11-03 08:53:33.327729,8720,-4089,3321,-12832,334,-1124,1577,-4,-7,-10
2023-11-03 08:53:33.349726,8720,-4089,3321,-12832,349,-1126,1571,15,-1,-9
2023-11-03 08:53:33.364225,8720,-4089,3321,-12832,337,-1132,1554,11,2,-2
2023-11-03 08:53:33.387722,8720,-4088,3320,-12832,346,-1137,1572,1,2,-9
2023-11-03 08:53:33.410220,8720,-4088,3320,-12832,354,-1132,1577,6,-7,-10
2023-11-03 08:53:33.424718,8720,-4088,3320,-12832,348,-1139,1560,10,-3,3
2023-11-03 08:53:33.447716,8720,-4088,3319,-12833,345,-1104,1569,15,2,7
2023-11-03 08:53:33.469714,8720,-4087,3318,-12833,345,-1103,1556,-7,4,10
2023-11-03 08:53:33.484713,8720,-4088,3318,-12833,347,-1144,1550,-1,9,13
2023-11-03 08:53:33.507710,8720,-4087,3318,-12833,345,-1128,1553,7,7,7
2023-11-03 08:53:33.529708,8720,-4087,3317,-12833,354,-1129,1571,15,6,6
2023-11-03 08:53:33.544207,8720,-4087,3317,-12833,346,-1121,1574,13,1,8
2023-11-03 08:53:33.582702,8720,-4087,3316,-12834,344,-1116,1583,-4,10,7
2023-11-03 08:53:33.589702,8720,-4086,3315,-12834,356,-1093,1584,-14,12,7
2023-11-03 08:53:33.604201,8720,-4086,3315,-12834,339,-1127,1572,-16,15,-2
2023-11-03 08:53:33.627700,8720,-4085,3315,-12834,334,-1143,1566,-10,11,4
2023-11-03 08:53:33.649697,8721,-4081,3314,-12835,345,-1123,1574,4,17,7
2023-11-03 08:53:33.664195,8721,-4077,3316,-12836,337,-1126,1568,-10,21,1
2023-11-03 08:53:33.687693,8720,-4074,3321,-12837,347,-1141,1577,-18,30,6
2023-11-03 08:53:33.710190,8720,-4070,3323,-12838,341,-1118,1567,-7,26,8
2023-11-03 08:53:33.724188,8720,-4065,3326,-12838,342,-1128,1568,-14,30,10
2023-11-03 08:53:33.753186,8720,-4061,3331,-12838,331,-1130,1580,-17,28,14
2023-11-03 08:53:33.770685,8720,-4057,3336,-12838,339,-1123,1584,-27,30,12
2023-11-03 08:53:33.790681,8721,-4053,3339,-12838,328,-1134,1588,-20,19,11
2023-11-03 08:53:33.814679,8721,-4050,3343,-12838,331,-1125,1584,-23,20,11
2023-11-03 08:53:33.829678,8721,-4049,3342,-12838,329,-1113,1587,-14,9,12
2023-11-03 08:53:33.850675,8722,-4048,3346,-12837,331,-1125,1574,-27,12,14
2023-11-03 08:53:33.867675,8722,-4048,3346,-12837,326,-1138,1577,-11,10,15
2023-11-03 08:53:33.889674,8722,-4048,3350,-12835,332,-1131,1570,-32,8,15
2023-11-03 08:53:33.910669,8724,-4046,3352,-12834,326,-1122,1566,-16,7,16
2023-11-03 08:53:33.927668,8725,-4046,3356,-12833,323,-1135,1578,-30,4,10
2023-11-03 08:53:33.949665,8726,-4044,3358,-12832,327,-1115,1574,-20,10,17
2023-11-03 08:53:33.970662,8726,-4044,3358,-12832,338,-1119,1574,-13,11,15
2023-11-03 08:53:33.987661,8727,-4043,3364,-12831,327,-1143,1575,-33,15,15
2023-11-03 08:53:34.009659,8727,-4043,3363,-12831,332,-1140,1583,-10,11,11
2023-11-03 08:53:34.030656,8727,-4043,3367,-12830,328,-1130,1579,-32,8,10
2023-11-03 08:53:34.047656,8727,-4042,3366,-12830,327,-1129,1588,-16,7,7
2023-11-03 08:53:34.069652,8727,-4043,3368,-12829,320,-1132,1563,-20,-1,6
2023-11-03 08:53:34.090651,8728,-4042,3370,-12828,326,-1129,1578,-21,1,7
2023-11-03 08:53:34.107650,8727,-4045,3375,-12827,321,-1153,1552,-30,0,-1
2023-11-03 08:53:34.129647,8726,-4046,3379,-12826,331,-1136,1564,-32,7,7
2023-11-03 08:53:34.150645,8726,-4046,3378,-12826,326,-1124,1559,-14,8,7
2023-11-03 08:53:34.167644,8726,-4045,3378,-12826,319,-1138,1576,-13,8,8
2023-11-03 08:53:34.189641,8726,-4045,3378,-12826,312,-1141,1571,-4,12,8
2023-11-03 08:53:34.210638,8727,-4044,3377,-12827,325,-1124,1580,-12,12,6
2023-11-03 08:53:34.233136,8726,-4043,3381,-12827,325,-1136,1562,-21,15,2
2023-11-03 08:53:34.249635,8726,-4043,3381,-12827,327,-1147,1567,-13,14,1
2023-11-03 08:53:34.272634,8725,-4042,3384,-12827,328,-1144,1574,-19,16,2
2023-11-03 08:53:34.287632,8725,-4041,3383,-12827,320,-1134,1575,-7,5,-4
2023-11-03 08:53:34.309631,8725,-4041,3383,-12827,315,-1144,1584,-9,5,-5
2023-11-03 08:53:34.339627,8725,-4040,3382,-12828,327,-1119,1576,-13,-7,-9
2023-11-03 08:53:34.347625,8725,-4040,3382,-12828,332,-1130,1559,-16,0,-6
2023-11-03 08:53:34.369623,8724,-4041,3385,-12828,319,-1163,1568,-17,-1,-6
2023-11-03 08:53:34.393121,8724,-4041,3385,-12827,311,-1146,1553,-12,1,-1
2023-11-03 08:53:34.407119,8724,-4041,3385,-12828,316,-1137,1558,-16,2,-2
2023-11-03 08:53:34.429616,8723,-4041,3387,-12828,323,-1145,1559,-18,7,-5
2023-11-03 08:53:34.452616,8721,-4041,3389,-12828,325,-1136,1567,-19,7,-4
2023-11-03 08:53:34.473112,8721,-4041,3389,-12828,329,-1143,1553,-14,12,-4
2023-11-03 08:53:34.489610,8720,-4040,3392,-12829,327,-1149,1581,-23,12,-1
2023-11-03 08:53:34.512610,8718,-4040,3395,-12829,321,-1132,1574,-29,11,-3
2023-11-03 08:53:34.534607,8716,-4039,3400,-12829,316,-1124,1575,-42,15,-2
2023-11-03 08:53:34.549605,8715,-4040,3403,-12829,322,-1154,1563,-21,7,-3
2023-11-03 08:53:34.572602,8715,-4039,3408,-12828,309,-1151,1578,-29,6,4
2023-11-03 08:53:34.586601,8713,-4039,3410,-12829,328,-1136,1588,-33,11,-2
2023-11-03 08:53:34.609598,8711,-4042,3410,-12829,329,-1139,1594,-27,-14,-13
2023-11-03 08:53:34.632597,8706,-4048,3414,-12830,334,-1152,1571,-52,-8,-20
2023-11-03 08:53:34.646595,8703,-4052,3416,-12830,337,-1136,1568,-42,-1,-9
2023-11-03 08:53:34.669592,8703,-4062,3422,-12826,308,-1165,1577,-66,-41,-1
2023-11-03 08:53:34.692590,8702,-4072,3416,-12825,326,-1116,1597,-42,-68,-18
2023-11-03 08:53:34.706588,8698,-4086,3412,-12824,352,-1148,1545,-33,-64,-27
2023-11-03 08:53:34.730086,8695,-4094,3405,-12825,353,-1133,1539,-9,-43,-26
2023-11-03 08:53:34.752585,8691,-4100,3407,-12825,336,-1169,1538,-21,-13,-26
2023-11-03 08:53:34.780583,8691,-4100,3407,-12825,310,-1177,1536,-5,-1,-15
2023-11-03 08:53:34.789580,8689,-4098,3411,-12826,295,-1164,1534,-8,4,-21
2023-11-03 08:53:34.813078,8686,-4097,3417,-12827,297,-1176,1546,-21,17,-20
2023-11-03 08:53:34.833075,8682,-4095,3419,-12830,311,-1111,1563,-30,10,-25
2023-11-03 08:53:34.849574,8678,-4096,3421,-12831,335,-1163,1561,-24,4,-16
2023-11-03 08:53:34.872072,8678,-4096,3421,-12831,356,-1163,1568,11,-8,-2
2023-11-03 08:53:34.893071,8678,-4096,3420,-12832,347,-1134,1552,13,-2,8
2023-11-03 08:53:34.909569,8678,-4096,3419,-12832,349,-1130,1549,2,2,6
2023-11-03 08:53:34.932066,8678,-4096,3419,-12832,328,-1131,1564,-9,-3,-9
2023-11-03 08:53:34.953063,8675,-4098,3420,-12833,339,-1156,1564,-22,-3,-17
2023-11-03 08:53:34.969562,8675,-4098,3419,-12833,349,-1147,1548,-5,-2,-7
2023-11-03 08:53:34.992559,8675,-4098,3419,-12834,343,-1163,1558,-8,5,1
2023-11-03 08:53:35.013057,8675,-4098,3419,-12834,335,-1160,1550,-8,5,2
2023-11-03 08:53:35.029555,8675,-4098,3418,-12834,338,-1148,1572,-2,-1,-3
2023-11-03 08:53:35.059553,8675,-4097,3418,-12834,329,-1141,1560,-16,14,-2
2023-11-03 08:53:35.073053,8675,-4097,3417,-12834,328,-1132,1574,-15,-2,-9
2023-11-03 08:53:35.089549,8674,-4097,3417,-12835,343,-1139,1561,-18,2,-7
2023-11-03 08:53:35.112547,8674,-4097,3417,-12835,342,-1169,1561,-7,3,1
2023-11-03 08:53:35.133045,8674,-4097,3417,-12835,342,-1156,1564,3,-1,-3
2023-11-03 08:53:35.149544,8674,-4097,3417,-12835,335,-1143,1543,-11,4,-4
2023-11-03 08:53:35.172542,8674,-4097,3416,-12836,340,-1142,1555,-13,4,-7
2023-11-03 08:53:35.193039,8674,-4097,3416,-12836,339,-1147,1571,-15,-3,-16
2023-11-03 08:53:35.209537,8674,-4096,3415,-12836,335,-1138,1564,-8,-1,-14
2023-11-03 08:53:35.232035,8674,-4096,3415,-12836,349,-1149,1563,5,-1,-11
2023-11-03 08:53:35.254534,8674,-4096,3414,-12836,340,-1163,1559,-1,-6,-6
2023-11-03 08:53:35.269532,8674,-4096,3414,-12836,333,-1143,1550,4,-7,-3
2023-11-03 08:53:35.293029,8674,-4096,3414,-12837,335,-1129,1559,3,-4,-6
2023-11-03 08:53:35.314527,8670,-4099,3415,-12837,341,-1152,1550,-30,-5,-17
2023-11-03 08:53:35.329525,8670,-4099,3415,-12837,348,-1154,1569,-10,0,-15
2023-11-03 08:53:35.352523,8670,-4099,3415,-12838,334,-1138,1557,-1,1,-8
2023-11-03 08:53:35.374521,8670,-4099,3414,-12838,346,-1163,1557,-2,2,-7
2023-11-03 08:53:35.389020,8670,-4099,3414,-12838,335,-1148,1555,-2,2,-14
2023-11-03 08:53:35.412518,8671,-4098,3413,-12838,335,-1136,1569,-4,4,-9
2023-11-03 08:53:35.434515,8668,-4099,3413,-12840,340,-1157,1571,-12,-3,-17
2023-11-03 08:53:35.455512,8668,-4099,3412,-12840,336,-1147,1565,-4,-6,-9
2023-11-03 08:53:35.472010,8668,-4099,3412,-12840,341,-1132,1550,2,-3,-2
2023-11-03 08:53:35.494508,8668,-4099,3412,-12840,347,-1159,1557,0,-5,-8
2023-11-03 08:53:35.509007,8668,-4099,3411,-12840,334,-1146,1563,-6,1,-7
2023-11-03 08:53:35.532505,8668,-4098,3410,-12840,350,-1128,1560,-13,6,-11
2023-11-03 08:53:35.563014,8667,-4100,3414,-12840,332,-1160,1546,-22,0,-3
2023-11-03 08:53:35.569002,8667,-4100,3413,-12840,342,-1151,1559,1,-3,1
2023-11-03 08:53:35.592498,8667,-4100,3412,-12840,351,-1130,1563,1,4,1
2023-11-03 08:53:35.614496,8667,-4100,3412,-12840,339,-1141,1567,-9,4,-7
2023-11-03 08:53:35.628994,8667,-4099,3411,-12841,350,-1146,1572,-10,0,-12
2023-11-03 08:53:35.652493,8667,-4099,3411,-12841,344,-1133,1558,-2,-5,-7
2023-11-03 08:53:35.674490,8667,-4099,3410,-12841,344,-1145,1560,-5,-5,3
2023-11-03 08:53:35.688989,8667,-4099,3410,-12841,334,-1151,1550,-5,0,0
2023-11-03 08:53:35.711987,8667,-4098,3409,-12841,345,-1128,1566,-1,2,2
2023-11-03 08:53:35.734484,8667,-4099,3409,-12842,359,-1138,1551,-7,6,3
2023-11-03 08:53:35.755482,8666,-4098,3410,-12842,357,-1154,1557,-12,19,7
2023-11-03 08:53:35.771981,8667,-4093,3412,-12843,343,-1133,1554,-5,25,10
2023-11-03 08:53:35.794978,8666,-4090,3415,-12843,350,-1145,1552,-14,29,8
2023-11-03 08:53:35.815476,8666,-4088,3423,-12842,331,-1164,1548,-29,34,18
2023-11-03 08:53:35.831974,8668,-4084,3427,-12841,332,-1126,1564,-27,21,25
2023-11-03 08:53:35.854473,8669,-4080,3429,-12841,340,-1132,1562,-13,22,21
2023-11-03 08:53:35.876970,8669,-4076,3433,-12841,328,-1147,1566,-16,28,10
2023-11-03 08:53:35.891969,8668,-4073,3439,-12841,327,-1146,1556,-32,29,10
2023-11-03 08:53:35.914468,8668,-4069,3442,-12841,337,-1152,1572,-13,32,10
2023-11-03 08:53:35.935463,8671,-4061,3445,-12841,329,-1171,1556,14,36,25
2023-11-03 08:53:35.952462,8675,-4051,3446,-12842,326,-1147,1585,14,44,30
2023-11-03 08:53:35.974459,8676,-4047,3450,-12841,329,-1113,1562,-30,27,22
2023-11-03 08:53:36.002957,8677,-4044,3454,-12840,334,-1167,1562,-14,26,21
2023-11-03 08:53:36.012456,8679,-4037,3456,-12840,330,-1139,1564,2,35,26
2023-11-03 08:53:36.034454,8681,-4032,3457,-12840,323,-1128,1543,0,30,21
2023-11-03 08:53:36.055451,8684,-4023,3457,-12841,310,-1151,1593,17,29,21
2023-11-03 08:53:36.072451,8684,-4022,3456,-12841,319,-1179,1592,10,6,13
2023-11-03 08:53:36.094448,8685,-4018,3458,-12842,322,-1141,1564,-2,23,14
2023-11-03 08:53:36.115445,8686,-4011,3458,-12843,329,-1140,1586,-2,36,12
2023-11-03 08:53:36.131944,8684,-4006,3461,-12845,326,-1128,1582,-20,39,2
2023-11-03 08:53:36.154442,8681,-4005,3459,-12848,349,-1131,1597,-13,19,-6
2023-11-03 08:53:36.176940,8680,-4000,3458,-12851,318,-1130,1562,5,23,-7
2023-11-03 08:53:36.192440,8677,-3999,3455,-12854,322,-1155,1592,-1,4,-21
2023-11-03 08:53:36.214436,8673,-4002,3449,-12857,340,-1151,1598,2,-14,-30
2023-11-03 08:53:36.244433,8672,-4003,3428,-12863,342,-1122,1567,75,-49,-42
2023-11-03 08:53:36.252432,8671,-4005,3403,-12870,354,-1121,1600,82,-63,-48
2023-11-03 08:53:36.274430,8671,-4029,3376,-12870,368,-1155,1494,74,-162,-56
2023-11-03 08:53:36.297427,8677,-4048,3342,-12868,360,-1147,1504,120,-179,-30
2023-11-03 08:53:36.312425,8686,-4061,3311,-12866,318,-1144,1572,105,-175,-24
2023-11-03 08:53:36.334424,8687,-4083,3294,-12863,350,-1120,1565,0,-154,-29
2023-11-03 08:53:36.357422,8688,-4101,3285,-12859,317,-1124,1532,-19,-125,-29
2023-11-03 08:53:36.371420,8687,-4113,3282,-12856,332,-1148,1538,-18,-74,-20
2023-11-03 08:53:36.394417,8689,-4118,3270,-12857,334,-1107,1547,34,-68,-22
2023-11-03 08:53:36.416915,8687,-4125,3266,-12856,369,-1125,1591,-25,-40,-16
2023-11-03 08:53:36.431413,8688,-4128,3266,-12855,350,-1129,1611,-31,-28,4
2023-11-03 08:53:36.454412,8690,-4135,3268,-12851,344,-1140,1583,-43,-41,7
2023-11-03 08:53:36.476910,8694,-4141,3271,-12846,344,-1134,1588,-44,-41,26
2023-11-03 08:53:36.491407,8696,-4154,3276,-12839,357,-1116,1549,-74,-59,24
2023-11-03 08:53:36.514405,8697,-4164,3283,-12833,377,-1128,1572,-85,-27,26
2023-11-03 08:53:36.536903,8692,-4170,3285,-12834,375,-1114,1585,-54,-12,-20
2023-11-03 08:53:36.551402,8687,-4176,3284,-12836,368,-1105,1570,-46,-24,-34
2023-11-03 08:53:36.574399,8682,-4184,3286,-12836,386,-1147,1578,-50,-19,-21
2023-11-03 08:53:36.597397,8678,-4188,3295,-12835,377,-1104,1542,-77,16,0
2023-11-03 08:53:36.611395,8674,-4194,3303,-12834,385,-1116,1573,-85,5,-4
2023-11-03 08:53:36.634395,8666,-4201,3313,-12835,389,-1142,1545,-79,21,-22
2023-11-03 08:53:36.657391,8659,-4203,3324,-12835,372,-1168,1574,-70,30,-15
2023-11-03 08:53:36.677888,8660,-4202,3324,-12835,361,-1125,1555,-13,-1,0
2023-11-03 08:53:36.694388,8657,-4203,3323,-12837,400,-1137,1585,-24,10,-8
2023-11-03 08:53:36.716887,8657,-4203,3323,-12837,359,-1145,1567,-10,-12,4
2023-11-03 08:53:36.737882,8658,-4203,3317,-12838,385,-1125,1575,2,-17,-1
2023-11-03 08:53:36.755881,8658,-4203,3317,-12838,377,-1163,1573,5,-13,-2
2023-11-03 08:53:36.784378,8661,-4198,3307,-12840,355,-1106,1598,27,-23,3
2023-11-03 08:53:36.797876,8661,-4200,3303,-12841,370,-1134,1552,-1,-18,-11
2023-11-03 08:53:36.814375,8661,-4200,3303,-12841,375,-1160,1564,-1,-12,-14
2023-11-03 08:53:36.836872,8661,-4200,3303,-12841,372,-1169,1542,-12,-4,-8
2023-11-03 08:53:36.857870,8661,-4200,3303,-12841,373,-1143,1555,9,9,5
2023-11-03 08:53:36.874369,8661,-4200,3302,-12841,355,-1116,1550,5,-12,-4
2023-11-03 08:53:36.897867,8661,-4199,3302,-12841,363,-1145,1580,-14,-13,-4
2023-11-03 08:53:36.917864,8661,-4199,3302,-12841,398,-1139,1545,1,11,-2
2023-11-03 08:53:36.941863,8661,-4200,3301,-12841,379,-1141,1544,-8,8,6
2023-11-03 08:53:36.957360,8659,-4200,3309,-12840,354,-1146,1546,-42,16,4
2023-11-03 08:53:36.977858,8660,-4193,3309,-12842,340,-1100,1597,-21,14,0
2023-11-03 08:53:37.007855,8657,-4200,3310,-12842,369,-1161,1577,-33,-28,-19
2023-11-03 08:53:37.016855,8659,-4203,3304,-12841,411,-1172,1551,22,-20,8
2023-11-03 08:53:37.037852,8660,-4205,3300,-12840,428,-1131,1547,4,3,24
2023-11-03 08:53:37.054351,8658,-4207,3304,-12840,390,-1134,1548,-34,13,0
2023-11-03 08:53:37.076849,8658,-4203,3311,-12840,334,-1153,1572,-33,21,5
2023-11-03 08:53:37.097846,8656,-4198,3309,-12843,369,-1122,1582,-4,16,-16
2023-11-03 08:53:37.114344,8653,-4199,3311,-12844,365,-1151,1553,-17,3,-12
2023-11-03 08:53:37.137342,8653,-4200,3311,-12844,389,-1160,1546,8,-5,3
2023-11-03 08:53:37.159340,8653,-4200,3310,-12844,399,-1122,1556,-2,7,2
2023-11-03 08:53:37.174338,8653,-4201,3314,-12843,385,-1149,1548,-31,10,11
2023-11-03 08:53:37.197838,8653,-4201,3314,-12843,363,-1118,1558,1,10,-3
2023-11-03 08:53:37.219334,8652,-4200,3318,-12843,370,-1145,1571,-30,16,3
2023-11-03 08:53:37.234332,8651,-4200,3317,-12843,391,-1148,1548,3,13,5
2023-11-03 08:53:37.256831,8651,-4200,3317,-12843,387,-1128,1552,8,14,10
2023-11-03 08:53:37.279328,8650,-4201,3320,-12843,382,-1149,1568,-32,12,6
2023-11-03 08:53:37.293827,8650,-4200,3320,-12843,368,-1122,1569,-6,13,-2
2023-11-03 08:53:37.316825,8651,-4199,3319,-12844,354,-1131,1601,-9,6,-14
2023-11-03 08:53:37.355822,8651,-4199,3318,-12844,377,-1127,1557,-4,-11,-16
2023-11-03 08:53:37.360319,8648,-4202,3319,-12845,409,-1155,1548,-17,11,-7
2023-11-03 08:53:37.376819,8645,-4204,3319,-12846,396,-1140,1558,-18,3,-5
2023-11-03 08:53:37.399316,8645,-4204,3313,-12847,368,-1108,1564,-3,-19,-9
2023-11-03 08:53:37.413815,8647,-4206,3307,-12847,354,-1137,1574,5,-40,-8
2023-11-03 08:53:37.436812,8652,-4211,3308,-12842,304,-1192,1507,9,-58,6
2023-11-03 08:53:37.459310,8652,-4215,3294,-12844,433,-1165,1580,46,-32,-12
2023-11-03 08:53:37.474308,8658,-4212,3285,-12843,373,-1134,1551,47,-24,18
2023-11-03 08:53:37.497305,8663,-4213,3279,-12841,391,-1136,1551,20,-22,23
2023-11-03 08:53:37.519303,8665,-4213,3274,-12841,367,-1129,1544,17,-29,5
2023-11-03 08:53:37.533803,8666,-4214,3271,-12841,361,-1137,1568,-2,-20,-9
2023-11-03 08:53:37.556800,8666,-4211,3263,-12844,372,-1105,1576,20,-15,-16
2023-11-03 08:53:37.579798,8664,-4217,3264,-12843,390,-1151,1571,-34,-20,-4
2023-11-03 08:53:37.593796,8664,-4220,3261,-12843,382,-1131,1553,-8,-21,-7
2023-11-03 08:53:37.616794,8662,-4225,3260,-12842,402,-1133,1572,-26,-17,-5
2023-11-03 08:53:37.639291,8662,-4232,3259,-12840,407,-1143,1534,-19,-25,4
2023-11-03 08:53:37.660288,8662,-4233,3258,-12841,407,-1126,1542,3,-6,4
2023-11-03 08:53:37.676788,8662,-4233,3258,-12841,415,-1127,1540,-6,9,6
2023-11-03 08:53:37.699785,8663,-4229,3259,-12841,372,-1107,1557,-13,15,17
2023-11-03 08:53:37.720283,8664,-4228,3258,-12841,360,-1092,1570,-7,-14,-16
2023-11-03 08:53:37.736782,8661,-4230,3259,-12842,396,-1154,1588,-22,-2,-15
2023-11-03 08:53:37.759279,8661,-4230,3259,-12842,379,-1160,1545,3,8,3
2023-11-03 08:53:37.787776,8660,-4231,3261,-12842,407,-1145,1565,-22,9,8
2023-11-03 08:53:37.796776,8660,-4231,3265,-12841,395,-1129,1550,-28,19,14
2023-11-03 08:53:37.819274,8659,-4230,3268,-12841,389,-1142,1560,-23,17,5
2023-11-03 08:53:37.840270,8658,-4229,3273,-12841,381,-1135,1565,-36,18,4
2023-11-03 08:53:37.856769,8657,-4226,3275,-12842,401,-1136,1587,-15,26,11
2023-11-03 08:53:37.879268,8657,-4224,3281,-12841,413,-1151,1553,-29,42,23
2023-11-03 08:53:37.907765,8657,-4218,3287,-12842,397,-1132,1565,-24,52,22
2023-11-03 08:53:37.916763,8654,-4212,3300,-12842,369,-1134,1564,-58,64,11
2023-11-03 08:53:37.939266,8652,-4209,3311,-12841,360,-1140,1569,-58,38,12
2023-11-03 08:53:37.960258,8651,-4204,3319,-12841,364,-1159,1577,-32,39,12
2023-11-03 08:53:37.977756,8651,-4201,3327,-12841,373,-1159,1565,-30,36,12
2023-11-03 08:53:37.999254,8649,-4196,3338,-12841,387,-1165,1553,-39,61,23
2023-11-03 08:53:38.027751,8649,-4189,3351,-12839,377,-1131,1548,-53,78,40
2023-11-03 08:53:38.036752,8651,-4180,3357,-12840,356,-1097,1581,-34,46,31
2023-11-03 08:53:38.059248,8649,-4182,3361,-12840,372,-1156,1562,-37,9,-4
2023-11-03 08:53:38.081746,8647,-4183,3369,-12838,361,-1195,1561,-39,18,4
2023-11-03 08:53:38.096744,8644,-4187,3378,-12836,373,-1166,1543,-58,16,6
2023-11-03 08:53:38.119242,8639,-4192,3400,-12832,363,-1170,1528,-118,46,16
2023-11-03 08:53:38.141741,8636,-4191,3409,-12832,330,-1122,1570,-74,22,-1
2023-11-03 08:53:38.156739,8631,-4191,3414,-12834,336,-1149,1555,-42,14,-26
2023-11-03 08:53:38.179237,8627,-4193,3420,-12835,374,-1188,1535,-31,23,-12
2023-11-03 08:53:38.201736,8626,-4190,3428,-12835,370,-1181,1518,-20,46,15
2023-11-03 08:53:38.216735,8624,-4183,3442,-12834,374,-1185,1498,-29,82,27
2023-11-03 08:53:38.239731,8618,-4168,3472,-12836,357,-1187,1495,-76,173,32
2023-11-03 08:53:38.261728,8617,-4148,3478,-12841,323,-1098,1597,-22,100,17
2023-11-03 08:53:38.276227,8610,-4140,3497,-12843,320,-1214,1561,-59,92,-14
2023-11-03 08:53:38.299224,8611,-4117,3510,-12846,324,-1205,1544,25,139,38
2023-11-03 08:53:38.322222,8616,-4085,3515,-12851,338,-1153,1518,83,163,60
2023-11-03 08:53:38.344722,8621,-4055,3516,-12858,335,-1137,1589,68,142,48
2023-11-03 08:53:38.359717,8619,-4037,3520,-12864,351,-1138,1600,4,110,13
2023-11-03 08:53:38.381716,8617,-4020,3530,-12868,335,-1156,1577,-8,121,22
2023-11-03 08:53:38.396214,8611,-3999,3549,-12872,328,-1163,1572,-41,167,22
2023-11-03 08:53:38.421211,8612,-3976,3563,-12875,272,-1196,1542,22,136,30
2023-11-03 08:53:38.441710,8624,-3953,3566,-12873,247,-1219,1611,70,68,74
2023-11-03 08:53:38.456208,8642,-3936,3569,-12865,190,-1135,1534,41,9,97
2023-11-03 08:53:38.480205,8658,-3922,3564,-12860,249,-1159,1554,72,1,81
2023-11-03 08:53:38.501704,8668,-3910,3557,-12859,289,-1159,1569,75,21,56
2023-11-03 08:53:38.516202,8675,-3897,3547,-12862,303,-1156,1603,73,28,30
2023-11-03 08:53:38.539200,8679,-3886,3545,-12863,312,-1103,1577,18,48,42
2023-11-03 08:53:38.561699,8676,-3882,3550,-12864,317,-1090,1569,-49,55,11
2023-11-03 08:53:38.583195,8671,-3879,3554,-12868,317,-1113,1571,-34,50,-8
2023-11-03 08:53:38.599194,8666,-3877,3558,-12871,316,-1134,1561,-29,44,-13
2023-11-03 08:53:38.621693,8663,-3875,3558,-12873,297,-1148,1551,-1,28,-6
2023-11-03 08:53:38.642689,8663,-3875,3559,-12873,291,-1181,1550,3,3,5
2023-11-03 08:53:38.674186,8664,-3877,3556,-12873,294,-1107,1588,-27,-13,5
2023-11-03 08:53:38.681685,8665,-3883,3555,-12870,280,-1143,1566,-25,-35,6
2023-11-03 08:53:38.702683,8667,-3882,3548,-12871,279,-1133,1573,19,-20,-1
2023-11-03 08:53:38.719182,8664,-3883,3549,-12872,275,-1146,1580,-24,2,-16
2023-11-03 08:53:38.741679,8651,-3890,3555,-12878,299,-1075,1591,-109,11,-63
2023-11-03 08:53:38.762677,8640,-3905,3571,-12876,279,-1202,1526,-109,-7,-46
2023-11-03 08:53:38.786675,8640,-3906,3572,-12876,281,-1212,1561,7,-15,-11
2023-11-03 08:53:38.801674,8644,-3905,3572,-12873,263,-1144,1557,-4,-16,21
2023-11-03 08:53:38.822672,8651,-3900,3572,-12870,253,-1134,1572,-2,-3,41
2023-11-03 08:53:38.847669,8661,-3893,3575,-12864,234,-1127,1555,-4,-2,63
2023-11-03 08:53:38.861668,8671,-3881,3577,-12861,243,-1114,1566,11,24,62
2023-11-03 08:53:38.882665,8679,-3873,3581,-12857,250,-1132,1556,-4,21,56
2023-11-03 08:53:38.899164,8681,-3873,3598,-12850,267,-1183,1551,-73,41,51
2023-11-03 08:53:38.922162,8682,-3871,3614,-12845,275,-1164,1548,-74,49,45
2023-11-03 08:53:38.942659,8683,-3872,3629,-12841,302,-1175,1553,-70,51,47
2023-11-03 08:53:38.959158,8682,-3874,3640,-12838,321,-1154,1574,-80,42,36
2023-11-03 08:53:38.981656,8678,-3882,3650,-12835,342,-1141,1607,-109,24,19
2023-11-03 08:53:39.010152,8669,-3888,3658,-12837,319,-1092,1572,-114,33,-15
2023-11-03 08:53:39.019151,8658,-3900,3677,-12836,331,-1194,1584,-144,38,-16
2023-11-03 08:53:39.041650,8658,-3906,3688,-12831,258,-1190,1562,-79,-4,21
2023-11-03 08:53:39.064146,8664,-3910,3691,-12824,233,-1179,1552,-33,-41,37
2023-11-03 08:53:39.078645,8675,-3914,3692,-12816,212,-1194,1563,-18,-62,49
2023-11-03 08:53:39.101646,8685,-3919,3693,-12807,222,-1195,1558,-20,-66,48
2023-11-03 08:53:39.124142,8693,-3926,3695,-12799,243,-1155,1537,-47,-53,50
2023-11-03 08:53:39.140140,8698,-3931,3697,-12793,264,-1190,1541,-27,-33,36
2023-11-03 08:53:39.161637,8700,-3940,3698,-12789,288,-1201,1539,-32,-31,15
2023-11-03 08:53:39.184135,8700,-3949,3705,-12784,271,-1217,1532,-52,-29,14
2023-11-03 08:53:39.214131,8700,-3955,3716,-12779,262,-1200,1523,-66,1,21
2023-11-03 08:53:39.238132,8698,-3964,3732,-12772,270,-1207,1530,-110,3,22
2023-11-03 08:53:39.245629,8699,-3966,3744,-12768,272,-1164,1504,-72,25,36
2023-11-03 08:53:39.258627,8698,-3964,3756,-12766,276,-1181,1546,-65,46,27
2023-11-03 08:53:39.281624,8694,-3966,3769,-12764,288,-1194,1536,-83,44,10
2023-11-03 08:53:39.304123,8690,-3964,3781,-12764,297,-1172,1567,-83,63,18
2023-11-03 08:53:39.318622,8688,-3971,3798,-12758,268,-1218,1537,-112,15,26
2023-11-03 08:53:39.341618,8689,-3970,3811,-12753,254,-1209,1560,-72,31,38
2023-11-03 08:53:39.364116,8695,-3971,3809,-12750,229,-1234,1556,2,-35,20
2023-11-03 08:53:39.378614,8700,-3974,3807,-12747,259,-1197,1584,-27,-34,26
2023-11-03 08:53:39.401613,8703,-3978,3799,-12745,244,-1209,1542,13,-54,2
2023-11-03 08:53:39.424110,8708,-3988,3785,-12743,265,-1188,1538,18,-93,-3
2023-11-03 08:53:39.438609,8715,-3993,3768,-12742,262,-1249,1542,80,-87,1
2023-11-03 08:53:39.461606,8723,-3991,3758,-12739,245,-1256,1525,72,-43,22
2023-11-03 08:53:39.484104,8731,-3997,3750,-12735,269,-1212,1494,34,-64,26
2023-11-03 08:53:39.498603,8741,-3993,3731,-12735,295,-1175,1522,97,-40,38
2023-11-03 08:53:39.523601,8746,-3993,3718,-12735,299,-1134,1532,32,-29,19
2023-11-03 08:53:39.544098,8743,-3997,3716,-12737,287,-1145,1508,-22,-9,-17
2023-11-03 08:53:39.572596,8739,-4002,3716,-12737,278,-1197,1548,-35,-17,-20
2023-11-03 08:53:39.581595,8736,-4005,3719,-12738,250,-1175,1497,-27,-6,-21
2023-11-03 08:53:39.604091,8729,-4009,3721,-12741,388,-1199,1541,-35,47,-2
2023-11-03 08:53:39.625090,8724,-4010,3720,-12744,281,-1123,1562,-51,8,-28
2023-11-03 08:53:39.650087,8722,-4012,3726,-12743,242,-1263,1578,-28,-7,-10
2023-11-03 08:53:39.664086,8729,-4007,3716,-12743,236,-1194,1544,57,-34,12
2023-11-03 08:53:39.686583,8735,-4006,3701,-12743,266,-1188,1549,65,-53,4
2023-11-03 08:53:39.701583,8742,-4008,3691,-12741,233,-1207,1549,35,-68,3
2023-11-03 08:53:39.724580,8748,-4004,3682,-12741,241,-1233,1567,65,-36,8
2023-11-03 08:53:39.745076,8757,-4000,3671,-12739,252,-1170,1523,58,-36,28
2023-11-03 08:53:39.767575,8761,-4008,3667,-12735,301,-1181,1556,-18,-50,20
2023-11-03 08:53:39.784073,8759,-4011,3667,-12735,315,-1158,1533,-32,7,3
2023-11-03 08:53:39.805071,8750,-4013,3680,-12737,332,-1172,1535,-87,62,-8
2023-11-03 08:53:39.821570,8745,-4016,3685,-12738,259,-1151,1446,-31,12,-26
2023-11-03 08:53:39.853067,8736,-4025,3689,-12740,383,-1224,1530,-44,27,-16
2023-11-03 08:53:39.854567,8729,-4027,3693,-12743,302,-1171,1540,-48,29,-26
2023-11-03 08:53:39.880563,8724,-4025,3699,-12745,240,-1229,1525,-11,16,-33
2023-11-03 08:53:39.887062,8726,-4016,3696,-12747,241,-1215,1550,41,12,-3
2023-11-03 08:53:39.912561,8730,-4014,3689,-12748,240,-1201,1526,43,-29,-2
2023-11-03 08:53:39.935058,8730,-4010,3684,-12750,248,-1215,1561,31,-9,-21
2023-11-03 08:53:39.947057,8730,-4006,3687,-12751,257,-1248,1538,16,17,-7
2023-11-03 08:53:39.969554,8734,-3998,3682,-12752,261,-1159,1539,33,12,15
2023-11-03 08:53:39.992055,8730,-4003,3688,-12752,307,-1152,1518,-60,14,0
2023-11-03 08:53:40.014550,8724,-4006,3697,-12752,319,-1198,1536,-65,38,-4
2023-11-03 08:53:40.029548,8719,-4002,3692,-12758,332,-1162,1518,24,45,-17
2023-11-03 08:53:40.052046,8710,-3994,3705,-12763,326,-1197,1537,-44,108,-10
2023-11-03 08:53:40.068545,8698,-3992,3724,-12766,293,-1202,1515,-84,97,-25
2023-11-03 08:53:40.089542,8684,-3992,3741,-12771,374,-1218,1564,-99,114,-17
2023-11-03 08:53:40.112040,8672,-3981,3748,-12781,281,-1169,1582,-38,102,-55
2023-11-03 08:53:40.128541,8663,-3973,3753,-12787,201,-1241,1576,-2,39,-64
2023-11-03 08:53:40.157035,8661,-3969,3757,-12789,177,-1212,1575,-22,-8,-34
2023-11-03 08:53:40.172034,8656,-3974,3750,-12793,234,-1204,1574,0,-52,-60
2023-11-03 08:53:40.187032,8650,-3979,3735,-12800,263,-1208,1569,36,-52,-80
2023-11-03 08:53:40.209530,8645,-3982,3721,-12807,283,-1214,1566,46,-40,-63
2023-11-03 08:53:40.232028,8642,-3984,3705,-12813,272,-1150,1512,54,-49,-55
2023-11-03 08:53:40.247026,8638,-3991,3697,-12815,283,-1184,1516,8,-44,-41
2023-11-03 08:53:40.269524,8635,-3993,3690,-12819,270,-1205,1512,37,-21,-42
2023-11-03 08:53:40.292023,8631,-3991,3678,-12826,300,-1159,1545,40,-10,-46
2023-11-03 08:53:40.314519,8623,-3989,3679,-12831,320,-1179,1526,-4,44,-33
2023-11-03 08:53:40.329518,8617,-3984,3681,-12836,278,-1189,1550,-7,39,-29
2023-11-03 08:53:40.360015,8612,-3983,3677,-12841,327,-1161,1526,10,27,-29
2023-11-03 08:53:40.368514,8610,-3971,3670,-12848,284,-1166,1562,49,37,-20
2023-11-03 08:53:40.389512,8609,-3964,3666,-12852,241,-1171,1539,39,10,-28
2023-11-03 08:53:40.412009,8607,-3961,3657,-12857,290,-1185,1559,42,-5,-26
2023-11-03 08:53:40.428508,8607,-3955,3643,-12863,284,-1144,1560,61,-6,-30
2023-11-03 08:53:40.449506,8605,-3954,3633,-12867,287,-1171,1565,37,-19,-32
2023-11-03 08:53:40.472004,8603,-3957,3627,-12869,293,-1167,1567,4,-27,-25
2023-11-03 08:53:40.488501,8599,-3961,3620,-12873,302,-1124,1550,-12,-27,-33
2023-11-03 08:53:40.509500,8594,-3967,3615,-12876,301,-1164,1563,-11,-30,-42
2023-11-03 08:53:40.531997,8591,-3969,3606,-12879,294,-1166,1596,7,-28,-36
2023-11-03 08:53:40.548496,8588,-3974,3601,-12881,281,-1191,1566,2,-40,-37
2023-11-03 08:53:40.569495,8588,-3977,3588,-12884,293,-1164,1599,29,-55,-30
2023-11-03 08:53:40.599990,8586,-3990,3578,-12884,312,-1130,1568,-25,-83,-31
2023-11-03 08:53:40.608990,8585,-4005,3570,-12883,324,-1177,1573,-18,-83,-28
2023-11-03 08:53:40.638487,8585,-4015,3558,-12882,328,-1174,1575,8,-78,-19
2023-11-03 08:53:40.651985,8590,-4023,3538,-12882,304,-1135,1591,42,-106,-14
2023-11-03 08:53:40.677483,8595,-4033,3522,-12880,305,-1127,1565,19,-108,-7
2023-11-03 08:53:40.689483,8601,-4043,3507,-12877,321,-1161,1558,31,-101,1
2023-11-03 08:53:40.711980,8613,-4051,3496,-12870,305,-1164,1509,41,-98,44
2023-11-03 08:53:40.734478,8627,-4057,3478,-12863,341,-1155,1544,67,-93,55
2023-11-03 08:53:40.756975,8640,-4063,3463,-12856,361,-1134,1535,49,-81,65
2023-11-03 08:53:40.771973,8654,-4067,3450,-12849,343,-1159,1530,59,-73,66
2023-11-03 08:53:40.794471,8668,-4065,3437,-12844,334,-1140,1524,74,-48,68
2023-11-03 08:53:40.809470,8680,-4070,3438,-12834,344,-1175,1486,10,-37,74
2023-11-03 08:53:40.831967,8689,-4071,3441,-12827,364,-1176,1494,11,8,77
2023-11-03 08:53:40.853965,8699,-4063,3447,-12821,329,-1108,1504,-6,37,83
2023-11-03 08:53:40.879962,8705,-4056,3459,-12816,332,-1171,1530,-20,57,73
2023-11-03 08:53:40.891963,8710,-4044,3465,-12815,340,-1199,1625,5,70,49
2023-11-03 08:53:40.914458,8714,-4031,3465,-12816,315,-1164,1635,14,44,33
2023-11-03 08:53:40.929457,8716,-4026,3460,-12817,316,-1081,1645,-24,0,12
2023-11-03 08:53:40.962453,8716,-4032,3463,-12815,316,-1153,1577,-46,-22,6
2023-11-03 08:53:40.974453,8717,-4036,3458,-12814,325,-1158,1569,-1,-31,-4
2023-11-03 08:53:40.992452,8716,-4044,3457,-12812,345,-1172,1558,-24,-30,0
2023-11-03 08:53:41.011948,8717,-4051,3454,-12811,347,-1166,1528,-1,-26,2
2023-11-03 08:53:41.046448,8716,-4052,3454,-12811,345,-1151,1516,-9,-15,2
2023-11-03 08:53:41.050945,8714,-4053,3458,-12811,327,-1139,1508,-23,17,1
2023-11-03 08:53:41.071942,8708,-4053,3478,-12810,317,-1188,1513,-77,66,2
2023-11-03 08:53:41.094441,8700,-4046,3497,-12812,296,-1204,1528,-53,96,-16
2023-11-03 08:53:41.109439,8693,-4035,3510,-12817,299,-1175,1551,-28,94,-21
2023-11-03 08:53:41.131936,8686,-4024,3519,-12822,289,-1166,1574,-24,79,-24
2023-11-03 08:53:41.155935,8681,-4017,3527,-12826,292,-1160,1593,-42,56,-17
2023-11-03 08:53:41.169432,8680,-4008,3528,-12829,282,-1125,1594,-9,37,-7
2023-11-03 08:53:41.199431,8681,-3998,3521,-12833,292,-1105,1614,19,16,-3
2023-11-03 08:53:41.214428,8685,-3992,3511,-12836,305,-1131,1610,37,-10,7
2023-11-03 08:53:41.232928,8691,-3987,3492,-12838,331,-1134,1607,76,-28,10
2023-11-03 08:53:41.251924,8701,-3980,3477,-12838,317,-1142,1571,89,-25,39
2023-11-03 08:53:41.274422,8711,-3980,3471,-12832,286,-1142,1533,30,-42,45
2023-11-03 08:53:41.289420,8719,-3977,3470,-12828,297,-1164,1521,34,-8,45
2023-11-03 08:53:41.315420,8723,-3971,3488,-12822,297,-1173,1522,-50,68,68
2023-11-03 08:53:41.334416,8724,-3969,3523,-12813,322,-1188,1527,-140,111,89
2023-11-03 08:53:41.350914,8725,-3964,3542,-12808,306,-1135,1519,-74,83,57
2023-11-03 08:53:41.371912,8725,-3960,3550,-12807,314,-1120,1565,-54,52,31
2023-11-03 08:53:41.394410,8725,-3956,3560,-12806,283,-1170,1551,-39,41,21
2023-11-03 08:53:41.409408,8723,-3953,3572,-12805,279,-1196,1574,-45,43,11
2023-11-03 08:53:41.434907,8718,-3952,3578,-12807,299,-1160,1580,-43,34,-13
2023-11-03 08:53:41.454404,8710,-3957,3586,-12809,286,-1160,1549,-70,18,-35
2023-11-03 08:53:41.470902,8698,-3966,3604,-12809,304,-1199,1555,-116,34,-36
2023-11-03 08:53:41.491901,8689,-3967,3610,-12813,300,-1214,1575,-33,37,-42
2023-11-03 08:53:41.522397,8683,-3963,3612,-12818,267,-1182,1602,-20,23,-39
2023-11-03 08:53:41.530897,8672,-3971,3616,-12821,292,-1142,1569,-80,-4,-57
2023-11-03 08:53:41.551894,8659,-3981,3618,-12827,319,-1169,1545,-57,-2,-75
2023-11-03 08:53:41.573892,8649,-3987,3617,-12832,311,-1213,1563,-15,-3,-63
2023-11-03 08:53:41.596889,8646,-3988,3608,-12836,284,-1171,1540,32,-25,-39
2023-11-03 08:53:41.611888,8646,-3988,3608,-12836,286,-1168,1565,3,-6,-8
2023-11-03 08:53:41.637386,8646,-3979,3600,-12841,284,-1141,1566,37,16,-14
2023-11-03 08:53:41.651385,8638,-3979,3600,-12846,303,-1178,1534,0,21,-48
2023-11-03 08:53:41.671881,8634,-3977,3599,-12850,282,-1195,1539,15,12,-35
2023-11-03 08:53:41.702379,8633,-3975,3598,-12852,281,-1175,1537,16,5,-8
2023-11-03 08:53:41.710878,8634,-3972,3593,-12853,290,-1162,1534,25,1,-5
2023-11-03 08:53:41.731876,8632,-3969,3596,-12855,302,-1170,1564,-15,25,-2
2023-11-03 08:53:41.753874,8632,-3963,3588,-12859,300,-1122,1587,23,8,-9
2023-11-03 08:53:41.770873,8629,-3963,3583,-12863,307,-1155,1572,3,-2,-28
2023-11-03 08:53:41.791875,8626,-3962,3579,-12866,297,-1130,1555,-2,6,-21
2023-11-03 08:53:41.813867,8622,-3959,3577,-12870,303,-1147,1561,-2,18,-23
2023-11-03 08:53:41.830865,8622,-3959,3577,-12870,287,-1175,1556,-4,10,-16
2023-11-03 08:53:41.851863,8621,-3953,3572,-12874,297,-1158,1578,27,15,-14
2023-11-03 08:53:41.879861,8619,-3947,3566,-12879,300,-1151,1570,32,20,-20
2023-11-03 08:53:41.893360,8618,-3943,3564,-12881,290,-1182,1556,28,10,-15
2023-11-03 08:53:41.913858,8617,-3938,3564,-12883,293,-1156,1547,8,28,-3
2023-11-03 08:54:21.113078,13779,-5108,-6085,-3934,3200,-300,3859,-626,326,167
2023-11-03 08:54:21.135575,13778,-5211,-5984,-3956,1847,-979,1117,-604,436,239
2023-11-03 08:54:21.158574,13725,-5458,-5897,-3939,572,-1087,-1223,-787,602,329
2023-11-03 08:54:21.173071,13777,-5477,-5698,-4021,2378,-448,2568,-848,802,436
2023-11-03 08:54:21.195570,13855,-5455,-5469,-4102,2934,-677,3291,-741,972,497
2023-11-03 08:54:21.227066,13821,-5714,-5311,-4070,898,-1339,-1555,-710,1129,552
2023-11-03 08:54:21.233066,13846,-5853,-5071,-4095,1254,-778,275,-821,1311,643
2023-11-03 08:54:21.255567,13903,-5944,-4774,-4123,3047,-334,3890,-781,1431,694
2023-11-03 08:54:21.278561,13950,-6026,-4515,-4141,1788,-1170,860,-543,1486,694
2023-11-03 08:54:21.293059,13977,-6163,-4252,-4123,677,-1195,-805,-354,1556,645
2023-11-03 08:54:21.315558,14066,-6127,-3955,-4173,2425,-365,3157,-320,1643,603
2023-11-03 08:54:21.338555,14157,-6058,-3675,-4221,2415,-817,2668,-62,1663,501
2023-11-03 08:54:21.353552,14218,-6055,-3384,-4263,533,-1352,-1747,-93,1745,417
2023-11-03 08:54:21.378552,14282,-5999,-3083,-4355,1505,-606,1386,-185,1850,272
2023-11-03 08:54:21.399550,14337,-5900,-2807,-4493,2648,-455,3376,-162,1850,37
2023-11-03 08:54:21.430546,14354,-5858,-2530,-4654,858,-1267,-639,-174,1880,-272
2023-11-03 08:54:21.443544,14356,-5800,-2242,-4864,450,-938,-233,-246,1982,-527
2023-11-03 08:54:21.466542,14343,-5677,-1990,-5150,2293,-323,3654,-286,2014,-869
2023-11-03 08:54:21.474544,14296,-5576,-1745,-5471,1558,-999,1860,-276,2023,-1197
2023-11-03 08:54:21.497542,14209,-5515,-1482,-5824,-96,-1276,-1329,-350,2075,-1497
2023-11-03 08:54:21.518539,14102,-5391,-1239,-6243,1335,-552,2184,-388,2193,-1788
2023-11-03 08:54:21.540534,13966,-5229,-1017,-6709,2015,-692,3227,-275,2275,-2096
2023-11-03 08:54:21.555533,13789,-5106,-766,-7186,-45,-1405,-1078,-249,2309,-2349
2023-11-03 08:54:21.578531,13576,-4958,-518,-7699,-32,-890,250,-339,2356,-2592
2023-11-03 08:54:21.609527,13325,-4762,-312,-8252,1701,-507,3942,-339,2390,-2823
2023-11-03 08:54:21.615527,13035,-4585,-104,-8803,608,-1224,1640,-269,2308,-3025
2023-11-03 08:54:21.638525,12703,-4425,115,-9353,-906,-1367,-874,-283,2230,-3223
2023-11-03 08:54:21.660523,12330,-4241,283,-9917,-373,-1106,1175,-227,2095,-3446
2023-11-03 08:54:21.675521,11922,-4108,428,-10452,142,-1105,1378,-415,1835,-3453
2023-11-03 08:54:21.698519,11497,-4003,565,-10950,113,-1257,1427,-512,1653,-3384
2023-11-03 08:54:21.720516,11087,-3890,689,-11398,52,-1362,1431,-410,1553,-3153
2023-11-03 08:54:21.735518,10692,-3782,805,-11797,43,-1354,1469,-387,1432,-2915
2023-11-03 08:54:21.758514,10312,-3684,942,-12150,-28,-1429,1478,-493,1395,-2673
2023-11-03 08:54:21.780511,9946,-3588,1058,-12471,-156,-1236,1476,-430,1260,-2525
2023-11-03 08:54:21.795509,9595,-3514,1144,-12756,-185,-1171,1440,-369,1008,-2384
2023-11-03 08:54:21.821008,9248,-3483,1258,-13008,44,-1422,1481,-615,899,-2231
2023-11-03 08:54:21.840504,8938,-3435,1336,-13227,211,-1626,1544,-350,826,-2004
2023-11-03 08:54:21.855503,8684,-3364,1377,-13410,196,-1404,1579,-91,746,-1667
2023-11-03 08:54:21.878500,8474,-3332,1453,-13544,109,-1053,1346,-175,492,-1377
2023-11-03 08:54:21.903499,8290,-3363,1562,-13637,241,-1308,1475,-413,286,-1137
2023-11-03 08:54:21.915496,8141,-3390,1657,-13709,305,-1483,1508,-236,246,-945
2023-11-03 08:54:21.938494,8028,-3389,1711,-13769,336,-1331,1518,-11,242,-746
2023-11-03 08:54:21.960493,7959,-3384,1752,-13805,239,-1243,1597,39,122,-491
2023-11-03 08:54:21.994987,7910,-3413,1798,-13820,210,-1166,1414,-75,-55,-347
2023-11-03 08:54:21.999488,7871,-3461,1856,-13823,348,-1309,1501,-136,-81,-257
2023-11-03 08:54:22.020486,7842,-3509,1925,-13817,379,-1447,1481,-122,-48,-181
2023-11-03 08:54:22.035485,7841,-3550,1968,-13802,327,-1234,1498,-67,-144,-35
2023-11-03 08:54:22.058483,7860,-3606,2028,-13767,376,-1227,1510,-192,-188,134
2023-11-03 08:54:22.080480,7891,-3660,2086,-13727,408,-1235,1557,-190,-188,214
2023-11-03 08:54:22.095478,7923,-3713,2154,-13684,410,-1217,1538,-242,-159,246
2023-11-03 08:54:22.125476,7978,-3769,2208,-13628,383,-1107,1479,-217,-250,371
2023-11-03 08:54:22.144475,8048,-3829,2242,-13564,384,-1054,1437,-149,-344,451
2023-11-03 08:54:22.155473,8119,-3887,2277,-13499,463,-1086,1521,-159,-305,475
2023-11-03 08:54:22.178470,8182,-3940,2328,-13437,489,-1079,1548,-250,-222,465
2023-11-03 08:54:22.217466,8243,-3983,2376,-13378,436,-976,1542,-262,-201,460
2023-11-03 08:54:22.219967,8295,-4044,2439,-13317,432,-995,1484,-384,-234,425
2023-11-03 08:54:22.238463,8333,-4125,2523,-13252,410,-1106,1435,-513,-265,369
2023-11-03 08:54:22.263463,8363,-4224,2571,-13193,468,-1097,1464,-430,-413,264
2023-11-03 08:54:22.276963,8376,-4337,2620,-13138,625,-1221,1564,-480,-406,193
2023-11-03 08:54:22.300959,8387,-4429,2665,-13091,787,-1369,1797,-422,-278,199
2023-11-03 08:54:22.320457,8404,-4460,2766,-13049,831,-1639,2178,-495,124,340
2023-11-03 08:54:22.336956,8481,-4402,2868,-12997,34,-1078,1518,-213,207,565
2023-11-03 08:54:22.358453,8529,-4407,2929,-12950,310,-1319,1748,-221,-56,358
2023-11-03 08:54:22.380451,8571,-4433,2999,-12897,286,-1261,1596,-336,-116,349
2023-11-03 08:54:22.396949,8617,-4432,3027,-12860,278,-1249,1690,-83,-111,283
2023-11-03 08:54:22.418445,8657,-4430,3064,-12825,191,-1162,1627,-151,-98,255
2023-11-03 08:54:22.442444,8695,-4442,3109,-12785,189,-1305,1601,-166,-132,238
2023-11-03 08:54:22.456942,8736,-4442,3123,-12753,289,-1253,1564,-2,-117,243
2023-11-03 08:54:22.478440,8776,-4444,3129,-12723,364,-1214,1513,28,-103,242
2023-11-03 08:54:22.500437,8816,-4447,3125,-12696,382,-1156,1554,33,-128,230
2023-11-03 08:54:22.524938,8837,-4477,3132,-12669,459,-1184,1406,-64,-143,162
2023-11-03 08:54:22.538435,8861,-4501,3142,-12641,483,-1308,1446,-27,-104,177
2023-11-03 08:54:22.568431,8890,-4507,3140,-12619,450,-1246,1437,73,-78,185
2023-11-03 08:54:22.578430,8913,-4518,3150,-12596,430,-1284,1433,10,-62,155
2023-11-03 08:54:22.598429,8931,-4523,3167,-12577,390,-1305,1427,5,-24,135
2023-11-03 08:54:22.620427,8949,-4515,3176,-12565,402,-1295,1482,61,28,118
2023-11-03 08:54:22.636925,8966,-4492,3179,-12561,368,-1250,1482,123,70,91
2023-11-03 08:54:22.658421,8976,-4462,3183,-12563,355,-1242,1500,130,112,49
2023-11-03 08:54:22.688920,8982,-4429,3190,-12568,331,-1212,1511,113,138,34
2023-11-03 08:54:22.696919,8988,-4392,3195,-12576,315,-1221,1513,135,153,18
2023-11-03 08:54:22.721915,8991,-4363,3203,-12582,320,-1245,1504,110,131,12
2023-11-03 08:54:22.744917,8991,-4338,3208,-12590,336,-1200,1533,85,117,-8
2023-11-03 08:54:22.766410,8989,-4306,3216,-12600,304,-1192,1547,83,149,-15
2023-11-03 08:54:22.778410,8986,-4272,3214,-12614,309,-1165,1578,118,137,-47
2023-11-03 08:54:22.800406,8981,-4237,3206,-12631,328,-1190,1633,140,137,-61
2023-11-03 08:54:22.818405,8978,-4215,3208,-12640,309,-1171,1522,84,96,-33
2023-11-03 08:54:22.854402,8979,-4193,3208,-12647,282,-1188,1534,104,72,-18
2023-11-03 08:54:22.860403,8973,-4177,3211,-12656,289,-1151,1554,39,71,-53
2023-11-03 08:54:22.878399,8958,-4165,3216,-12669,316,-1161,1581,6,85,-98
2023-11-03 08:54:22.898398,8939,-4155,3216,-12686,316,-1132,1546,27,76,-131
2023-11-03 08:54:22.929396,8916,-4150,3225,-12701,302,-1183,1542,-19,73,-148
2023-11-03 08:54:22.938395,8897,-4140,3236,-12715,277,-1189,1556,-5,84,-129
2023-11-03 08:54:22.965391,8878,-4131,3242,-12730,293,-1174,1569,-1,75,-129
2023-11-03 08:54:22.980389,8858,-4128,3247,-12743,312,-1145,1591,-32,55,-131
2023-11-03 08:54:23.020385,8841,-4124,3245,-12757,312,-1132,1576,1,31,-127
2023-11-03 08:54:23.022885,8827,-4116,3241,-12770,294,-1140,1569,35,29,-113
2023-11-03 08:54:23.040383,8815,-4107,3241,-12781,303,-1170,1586,32,46,-95
2023-11-03 08:54:23.058381,8806,-4100,3241,-12790,299,-1145,1570,20,28,-78
2023-11-03 08:54:23.079381,8798,-4093,3234,-12799,328,-1138,1585,42,18,-70
2023-11-03 08:54:23.100377,8788,-4091,3230,-12808,328,-1128,1557,23,9,-84
2023-11-03 08:54:23.118375,8776,-4090,3221,-12819,332,-1098,1560,26,-2,-97
2023-11-03 08:54:23.139873,8765,-4087,3219,-12828,328,-1139,1549,23,20,-85
2023-11-03 08:54:23.160371,8754,-4085,3214,-12837,341,-1168,1578,37,18,-91
2023-11-03 08:54:23.178368,8742,-4081,3213,-12847,326,-1114,1578,2,22,-88
2023-11-03 08:54:23.205366,8731,-4080,3213,-12855,330,-1142,1569,1,17,-80
2023-11-03 08:54:23.220364,8724,-4076,3212,-12861,305,-1134,1567,21,11,-67
2023-11-03 08:54:23.238863,8717,-4072,3209,-12868,303,-1137,1571,25,-2,-68
8844,-4112,4772,-12269,-1097,-1742,-1027,226,111,-184
8828,-4058,4652,-12345,592,-951,2750,85,129,-181
8809,-4035,4499,-12423,1033,-1257,2994,189,62,-152
8791,-4068,4657,-12366,-935,-1816,-1222,272,-27,-162
8785,-4051,4595,-12399,264,-1084,1768,113,-31,-123
8768,-4046,4380,-12490,1535,-1067,3597,134,-17,-114
8750,-4094,4472,-12455,-391,-1639,-455,198,-86,-136
8743,-4121,4528,-12431,-362,-1275,239,45,-125,-117
8730,-4104,4293,-12528,1503,-900,4087,19,-84,-141
8708,-4131,4279,-12539,318,-1561,1288,124,-64,-161
8697,-4156,4442,-12482,-925,-1620,-646,2,-12,-113
8692,-4122,4301,-12546,874,-881,3313,-87,-13,-83
8677,-4120,4170,-12601,1093,-1264,3136,0,-35,-90
8665,-4174,4353,-12530,-855,-1786,-1007,5,-47,-78
8663,-4167,4377,-12525,-98,-1082,1145,-84,-9,-49
8650,-4144,4188,-12606,1428,-966,4017,-113,-1,-65
8628,-4192,4268,-12578,-88,-1724,407,-18,-42,-112
8612,-4211,4410,-12534,-769,-1458,-296,-73,15,-134
8590,-4169,4245,-12619,1117,-845,3761,-126,56,-161
8552,-4170,4164,-12672,907,-1409,2675,-31,73,-201
8521,-4213,4374,-12608,-940,-1820,-1087,-64,83,-170
8505,-4193,4371,-12626,156,-1123,1758,-130,72,-109
8488,-4180,4211,-12696,1394,-1129,3774,-132,23,-49
8474,-4230,4347,-12643,-309,-1834,-327,15,19,-26
8467,-4230,4474,-12603,-623,-1428,10,-67,80,-56
8452,-4199,4290,-12688,1311,-713,3971,-208,6,-84
8422,-4244,4277,-12697,779,-1577,2169,-270,-21,-69
8420,-4292,4500,-12605,-983,-1784,-904,-220,-19,29
8427,-4272,4506,-12605,275,-1092,2260,-392,53,101
8429,-4241,4384,-12656,1240,-1131,3868,-326,85,125
8428,-4287,4586,-12570,-544,-1909,-558,-190,89,142
8446,-4263,4770,-12497,-836,-1552,75,-253,175,189
8470,-4175,4624,-12565,1031,-961,4060,-180,199,186
8471,-4148,4592,-12585,620,-1427,2362,-93,167,104
8466,-4169,4842,-12487,-1123,-1920,-1206,-112,130,64
8475,-4131,4856,-12489,-10,-1265,1723,-128,114,58
8477,-4101,4678,-12565,1429,-1218,3770,-12,101,85
8480,-4135,4799,-12506,-242,-1940,-479,218,46,116
8505,-4119,4921,-12446,-828,-1534,-252,136,-5,102
8532,-4071,4707,-12527,1168,-941,3865,86,-61,74
8540,-4079,4579,-12566,967,-1433,2466,228,-106,26
8546,-4135,4744,-12482,-876,-1873,-1476,273,-149,-3
8566,-4137,4696,-12486,147,-1140,1311,172,-176,6
8574,-4138,4447,-12571,1635,-1017,3813,160,-186,-4
8574,-4208,4485,-12534,116,-1752,141,213,-206,-1
8588,-4242,4604,-12469,-802,-1629,-522,133,-189,-20
8610,-4243,4661,-12433,-547,-1625,524,149,-162,-14
8633,-4255,4614,-12431,362,-1560,1426,253,-168,71
